a_url,name,url
https://www.green-japan.com/company/6042?job_offer_id=82863,,
https://www.green-japan.com/company/6956?job_offer_id=107728,,
https://www.green-japan.com/company/6612?job_offer_id=107410,,
https://www.green-japan.com/company/7383?job_offer_id=113226,,
https://www.green-japan.com/company/6676?job_offer_id=89079,,
https://www.green-japan.com/company/5198?job_offer_id=108201,,
https://www.green-japan.com/company/7393?job_offer_id=114252,,
https://www.green-japan.com/company/7390?job_offer_id=114148,,
https://www.green-japan.com/company/6312?job_offer_id=93128,,
a_url,name,url
https://www.green-japan.com/company/6042?job_offer_id=82863,,
https://www.green-japan.com/company/6956?job_offer_id=107728,,
https://www.green-japan.com/company/6612?job_offer_id=107410,,
https://www.green-japan.com/company/7383?job_offer_id=113226,,
https://www.green-japan.com/company/6676?job_offer_id=89079,,
https://www.green-japan.com/company/5198?job_offer_id=108201,,
https://www.green-japan.com/company/7393?job_offer_id=114252,,
https://www.green-japan.com/company/7390?job_offer_id=114148,,
https://www.green-japan.com/company/6312?job_offer_id=93128,,
a_url,name,url
https://www.green-japan.com/company/6042?job_offer_id=82863,,
https://www.green-japan.com/company/6956?job_offer_id=107728,,
https://www.green-japan.com/company/6612?job_offer_id=107410,,
https://www.green-japan.com/company/7383?job_offer_id=113226,,
https://www.green-japan.com/company/6676?job_offer_id=89079,,
https://www.green-japan.com/company/5198?job_offer_id=108201,,
https://www.green-japan.com/company/7393?job_offer_id=114252,,
https://www.green-japan.com/company/7390?job_offer_id=114148,,
https://www.green-japan.com/company/6312?job_offer_id=93128,,
a_url,name,url
https://www.green-japan.com/company/6042?job_offer_id=82863,,
https://www.green-japan.com/company/6956?job_offer_id=107728,,
https://www.green-japan.com/company/6612?job_offer_id=107410,,
https://www.green-japan.com/company/7383?job_offer_id=113226,,
https://www.green-japan.com/company/6676?job_offer_id=89079,,
https://www.green-japan.com/company/5198?job_offer_id=108201,,
https://www.green-japan.com/company/7393?job_offer_id=114252,,
https://www.green-japan.com/company/7390?job_offer_id=114148,,
https://www.green-japan.com/company/6312?job_offer_id=93128,,
